"椛葉 瑞希\t5","Maki Maki Maki\t5"
"MylovelySugaVR\t5","Maki Maki\t5"
"Dgibbs3196\t5","RiffleTuff\t25"
"BlackHackedGhost\t10","Sumeru\t25"
"Krovik\t1","Karl Kroenen\t25"
"Everest\t25","MirukuS․\t25"
"deviouspenguins\t1","Hippu\t5"
"Killer7\t1","bluefrosty\t5"
"Bairen0\t1","Code․\t5"
"OwOmeVR\t25","same same\t5"
"SHIELD\t25","Serraphax\t5"
"British Armed Forces\t25","meltingarmymen\t5"
"Kate Likes Rectangles\t1","Lalapan\t5"
"ViolasOnFire\t1","glitchypig\t5"
"‑Bunny Boy‑\t25","moonshadow910\t5"
"ღ EehKayBee ღ\t1","Machaka\t5"
"Tokki_o\t1","椛葉 瑞希\t5"
"Nicole Cheng\t5","MyLovelySugaVR\t5"
"BluPointA\t1","dgibbs3196\t5"
"Flutterhawk ™\t25","BlackHackedGhost\t10"
"Sunburn knight\t1","Krovik7\t1"
"DoubleUdon\t1","deviouspenguins\t1"
"FlameKnight7\t1","~Blaze~\t25"
"aegritudo42\t1","ViolasOnFire\t1"
"Synnamon\t1","ღ EehKayBee ღ\t1"
"zeezaaVR\t1","Tokki_o\t1"
"Masaber\t1","BluPointA\t1"
"x_warrior_x\t1","Flutterhawk ™\t25"
"まくらぎゅ\t5","Sunburn knight\t1"
"XoF_eLtTiL\t1","DoubleUdon\t1"
"PP\t10","aegritudo42\t1"
"Kenai\t5","Synnamon\t1"
"CatCataclysm\t5","zeezaaVR\t1"
"Zenxxx\t25","Masaber\t1"
"A m y  R o s e\t1","x_warrior_x\t1"
"Tahnoh 4405\t5","まくらぎゅ\t5"
"Treyregruth\t10","XoF_eLtTiL\t1"
"Mavryn_Arex\t1","Pphoenix666\t10"
"Marcus & Shordan\t5","KenaiWolf\t5"
"draeve\t10","CatCataclysm\t5"
"OmgshYouFoundMe\t5","Zenxxx\t25"
"Maxminesss\t10","A m y  R o s e\t1"
"SirMango\t5","Tahnoh 4405\t5"
"Ender32\t5","Treyregruth\t10"
"speedfreek16\t5","Mavryn Arex\t1"
"Craftsy\t5","psemarvel\t5"
"♥Fizzi♥\t25","draeve\t10"
"__B__\t5","OmgshYouFoundMe\t5"
"Jade Alchemy\t10","Maxminesss\t10"
"ViralGuardian\t5","SirMango\t5"
"AuranLyrandar\t5","Ender32\t5"
"Scuuzzy\t5","speedfreek16\t5"
"Crator\t5","Craftsy\t5"
"CR-MK-2\t5","♥Fizzi♥\t25"
"Tomachu\t10","__B__\t5"
"Grimm281\t10","Blithe Alchemy\t10"
"Hazy_monet26\t5","ViralGuardian\t5"
"Zelinzky\t25","AuranLyrandar\t5"
"chrisjames\t5","scuuzzy\t5"
"Missluna18\t5","Crator\t5"
"conquistador\t10","Ruby J Rose\t5"
"TspiderTOP10\t1","Tomachu\t10"
"BurntCrepe\t1","Grimm281\t10"
"Patroll\t1","Hazy_monet26\t5"
"David Quiram\t5","Zelinzky\t25"
"~BLAKETHECOW~\t25","chrisjames\t5"
"☆Fluffy☆\t10","Missluna18\t5"
"༒Rae༆Cuervo༒\t10","Conquistador666\t10"
"ღSmilezღ\t1","BurntCrepe\t1"
"༒ Celeste ༒\t10","Patroll\t1"
"Atlas (π)\t25","~BLAKETHECOW~\t25"
"RetroMoonJackel\t5","☆Fluffy☆\t10"
"༒MrFoxy༒\t5","༒Rae༆Cuervo༒\t10"
"༒MrsFoxy༒\t5","ღSmilezღ\t1"
"Okita_\t5","༒ Celeste ༒\t10"
"Luna fox2\t5","WhySoPi\t25"
"Chamel․eon\t5","RetroMoonJackel\t5"
"Thatkhmer\t25","༒MrFoxy༒\t5"
"LuxTheBakeneko\t5","༒MrsFoxy༒\t5"
"Jay x Dominic <3\t5","Okita_\t5"
"GðÐ§§µ¢¢µßµ§\t10","luna fox2\t5"
"Sayuqt\t1","Chamel․eon\t5"
"MiddleAmerica\t5","Thatkhmer\t25"
"Denelix\t1","LuxTheBakeneko\t5"
"Insanitywolf927\t5","Longdongle\t5"
"Queen hope\t1","GðÐ§§µ¢¢µßµ§\t10"
"Audrey Bule\t5","MiddleAmerica\t5"
"Moji OwO\t10","Denelix\t1"
"Fox_Kitten\t25","insanitywolf927 a4d2\t5"
"∗Tera∗\t10","Queen Hope\t1"
"RILL0N\t5","Moji OwO\t10"
"Emperor Zurg\t5","Fox_Kitten\t25"
"existony\t25","∗Tera∗\t10"
"≺~Alexis~≻\t1","RILL0N\t5"
"itsAlaska\t10","Emperor Zurg\t5"
"greenteeth\t5","≺~Alexis~≻\t1"
"gemminer04\t1","itsAlaska\t10"
"EdensNoid\t5","greenteeth\t5"
"spacepepsi\t5","gemminer04\t1"
"Alex Dixon\t1","EdensNoid\t5"
"Snowy\t50","spacepepsi\t5"
"Gosha\t10","Ѕnowy\t50"
"BoomBewm1899\t10","Gosha\t10"
"Lobakanekogirl\t10","BoomBewm1899\t10"
"tigerhead\t1","Lobakanekogirl\t10"
"Acidix?\t10","tigerhead\t1"
"Brittany West\t1","Acidix?\t10"
"༒ᴅᴀяᴋ༒\t1","༒ᴅᴀяᴋ༒\t1"
"FenrirTheRaven\t25","FenrirTheRaven\t25"
"itz..rh1a_\t5","itz․․rh1a_\t5"
"Branden Griecken\t1","XHellBoyRonnieX\t5"
"XHellBoyRonnieX\t5","クロ_kuro\t5"
"クロ_kuro\t5","sp1ne3ater\t5"
"sp1ne3ater\t5","Darkcowboyvr\t5"
"Darkcowboyvr\t5","AlyssaP2005\t5"
"AlyssaP2005\t5","potayo\t5"
"Anthony Bergin\t5","Rebornranch\t10"
"Fusl\t1","SlinkRumble\t5"
"potayo\t5","naivepaladin95\t5"
"Rebornranch\t10","яɛʑųƙí\t10"
"SlinkRumble\t5","Hanix\t5"
"NaivePaladin95\t5","Merec\t10"
"яɛʑųƙí\t10","Pink Gar\t1"
"Digital Familiars\t5","Rogue Lunartic\t5"
"KiraTheAlpha\t1","Keeperema\t5"
"Merec\t10","Gr33nsm0ke003\t10"
"Pink Gar\t1","HomiePoozer\t5"
"Rogue Lunartic\t5","sotike\t25"
"Keeperema\t5","Kmoonz34\t1"
"Gr33nsm0ke003\t10","CeceMe\t5"
"HomiePoozer\t5","Eight-mile\t5"
"Sotike\t25","kill_wolf d04a\t1"
"Kmoonz34\t1","Herobradly\t50"
"Lady_Cecelia\t5","MaskedInsanity\t5"
"Eight-mile\t5","Leowolffur\t5"
"kill_wolf d04a\t1","FallenAngelLuke\t5"
"Herobradly\t50","Lycari\t10"
"MaskedInsanity\t5","NO NAMEᴱˢᴴ\t5"
"Leowolffur\t5","Tweet＠DeafGamer\t1"
"Pawluto\t1","KageNoAkume\t5"
"FallenAngelLuke\t5","BreadMan˸⁄\t5"
"Lycan19\t10","Dantai\t10"
"NO NAMEᴱˢᴴ\t5","Sonickiller777 ecd8\t5"
"Tweet＠DeafGamer\t1","Courier67\t25"
"KAGENOAKUME\t5","dablankone\t25"
"BreadMan˸⁄\t5","FarmerFox\t50"
"Dantai\t10","AhlbiDragon\t5"
"Sonickiller777 ecd8\t5","skunkyrem\t5"
"Courier The Psyker\t25","yakoyakoyako923\t5"
"dablankone\t25","Ak-421\t5"
"FarmerFox\t50","Sleepy ツ\t5"
"AhlbiDragon\t5","Tikihero115\t10"
"skunkyrem\t5","CatnipThePan\t5"
"yakoyakoyako923\t5","Ender17898\t25"
"Ak-421\t5","Kanik。\t1"
"Sleepy ツ\t5","s_n9ne\t25"
"Tikihero115\t10","ֆȶǟʀLðrÐ\t10"
"CatnipThePan\t5","FrenchToastFox\t50"
"Ender17898\t25","wraithdarkhand\t5"
"Kanik。\t1","Finka_\t5"
"s_n9ne\t25","RogueAngelTTV\t10"
"ֆȶǟʀLðrÐ\t10","BjornXs f3b9\t5"
"FrenchToastFox\t50","zlx597\t5"
"wraithdarkhand\t5","KryptTheWolf\t10"
"Im_A_Wallace\t1","grdeodty\t10"
"Finka_\t5","Radioactiveblood 5eb5\t1"
"RogueAngelTTV\t10","Fr_artemis\t5"
"bjornxs\t5","FrostMoonKnight\t10"
"zlx597\t5","StarFireIce\t5"
"KryptTheWolf\t10","Scarlet Spark\t5"
"Grdeodty\t10","CR4WD4D\t5"
"Radioactiveblood 5eb5\t1","Father_Green\t5"
"Fr_artemis\t5","⭐Shiro⭐\t10"
"FrostMoonKnight\t10","MadJackRabbit\t5"
"StarFireIce\t5","gmoney3098\t5"
"Scarlet Spark\t5","Kats The Panda\t10"
"CR4WD4D\t5","Tsubasaです\t5"
"Father_Green\t5","baronthewolf\t5"
"Shiro\t10","Hyper3511\t1"
"MadJackRabbit\t5","Radio Miku\t10"
"gmoney3098\t5","Ayana~\t5"
"Kats The Panda\t10","ThunderBolt95\t10"
"Tsubasaです\t5","×~M i d n a~×\t5"
"baronthewolf\t5","Aceus_\t5"
"Hyper3511\t1","Mugiwara1990\t25"
"Radio Miku\t10","luluo1\t5"
"Juliana Garcia\t5","SenkoVR\t10"
"Aiden Vandiver\t1","ʚ Quirkyity ɞ\t5"
"Ayana~\t5","日向\t5"
"ThunderBolt95\t10","Mllow_Yellow\t5"
"Lucia Miller\t1","GhostlyReign\t5"
"×~M i d n a~×\t5","NinnyTheWise\t5"
"Aceus_\t5","Dutchy0990\t5"
"Mugiwara1990\t25","朱染のあ\t5"
"luluo1\t5","Central_Fire154\t5"
"SenkoVR\t10","SketchingMangos\t5"
"ʚ Quirkyity ɞ\t5","FluffiestFoxxo\t5"
"日向\t5","Kowomi\t5"
"Lucy Ofeldt\t5","Berry ~\t10"
"Mllow_Yellow\t5","Genesis_wall 4c39\t1"
"GhostlyReign\t5","troylicious\t5"
"NinnyTheWise\t5","Coloredatom451\t5"
"Dutchy0990\t5","Fenriswolf640 f3e6\t1"
"Kinsey Taylor\t10","＂ΔŦŁΔŞ＂\t5"
"朱染のあ\t5","SeishinFox\t25"
"Central_Fire154\t5","PirateCoveGl 654d\t5"
"SketchingMangos\t5","Theguywhostengu\t10"
"FluffiestFoxxo\t5","OvernightOats\t5"
"Kowomi\t5","TeaReax\t5"
"lotiononmypaws\t1","Sleepiimass\t5"
"Berry ~\t10","FanaticalDemon\t5"
"Ray\t1","Tipical_myst\t5"
"Troylicious\t5","ThirtyVercent\t50"
"Coloredatom451\t5","CURS3DS1R3N\t5"
"Fenriswolf640\t1","reekidmemeking\t5"
"＂ΔŦŁΔŞ＂\t5","Mrs_Cupcake\t1"
"SeishinFox\t25","ShayCat\t10"
"PirateCoveGl 654d\t5","DeluniumTV\t10"
"Theguywhostengu\t10","Scuffed_VR\t5"
"OvernightOats\t5","rose 1baf\t10"
"Tea\t5","ChiaVR\t10"
"Sleepiimass\t5","SuperNova77\t1"
"FanaticalDemon\t5","Inat_i\t5"
"Tipical_myst\t5","syarilua\t5"
"ThirtyVercent\t50","Rae Endura\t5"
"CURS3DS1R3N\t5","ღ BonB0n\t5"
"reekidmemeking\t5","Phoeebe\t5"
"Mrs_Cupcake\t1","BlankRequest\t1"
"ShayCat\t10","Tessa5105 b894\t5"
"DeluniumTV\t10","piercing_blade\t5"
"Scuffed_VR\t5","KikoEshima\t5"
"rose 1baf\t10","Tonidus\t5"
"Caroline Smith\t5","AlottaScreams 0ad8\t10"
"Chia\t10","Lord daejahn\t5"
"SuperNova77\t1","SetoWolftsune\t5"
"Inat_i\t5","SingularReality ba06\t5"
"syarilua\t5","stickmon\t10"
"Rae Endura\t5","Lyseya\t5"
"ღ BonB0n\t5","BlossomAmpwave\t5"
"Phoeebe\t5","Jagostall e36a\t5"
"Blank\t1","ALEXxVIPER 9fc0\t1"
"Tessa Rutz\t10","Blade546\t10"
"Tessa5105\t5","Phoxetron\t5"
"piercing_blade\t5","llViViDlYll\t10"
"KikoEshima\t5","ashkore wingtips\t5"
"Tonidus\t5","CAPTINAUTISMO\t5"
"AlottaScreams 0ad8\t10","youplaymenot\t5"
"Lord daejahn\t5","Reaper Puppy\t25"
"SetoWolftsune\t5","gwynshark\t5"
"SingularReality ba06\t5","Killeal\t5"
"Stickmon\t10","astr0n0micall\t5"
"Lyseya\t5","༒ Dυʅʅ3ყ ༒\t5"
"BlossomAmpwave\t5","Kat Meowfia\t10"
"Pokémon Fan\t5","GiftedPanda\t1"
"ALEXxVIPER\t1","paradox_dutchie\t5"
"Blade546\t10","jmitts11\t5"
"Phoxetron\t5","_Ranka__\t25"
"vivi\t10","AmataraMami\t5"
"ashkore wingtips\t5","StarŁight\t5"
"CAPTINAUTISMO\t5","jackpostkun\t10"
"youplaymenot\t5","Alia-\t25"
"Reaper Puppy\t25","Blixtdraken\t1"
"gwynshark\t5","~Ringo\t5"
"Killeal\t5","Blaze Salem\t5"
"astr0n0micall\t5","Coca_cola333 e838\t5"
"༒ Dυʅʅ3ყ ༒\t5","TheCobDad\t5"
"Kat Meowfia\t10","khaniage\t5"
"GiftedPanda\t1","giselher\t5"
"paradox_dutchie\t5","dragonkeeper1\t5"
"jmitts11\t5","Jeshie\t5"
"_Ranka__\t25","TheDapperSquid\t5"
"AmataraMami\t5","ItsFluffyPanda\t5"
"StarŁight\t5","HellHound_cc3d\t5"
"jackpostkun\t10","Rsuup\t5"
"Tori Dori\t1","Savvii\t5"
"Alia-\t25","VRonica\t5"
"Blixtdraken\t1","Punflower\t5"
"~Ringo\t5","Ampmasterful\t5"
"Blaze Salem\t5","Bert_\t5"
"Dewy_21\t5","GothicCosmos\t5"
"Coca_cola333 e838\t5","L u c y ღ\t5"
"","~yeet~\t5"
"","X0KINGCOBRA0X\t5"
"","____dark____\t5"
"","Xx Panda xX\t5"
"","Comfy catgirl\t5"
"","Arthur Te Deum\t5"
"","SerenityDocks\t5"
"","Keosoriyan\t5"
"","Bean Bat\t5"
"","Angoose651\t5"
"","Alex_2536\t5"
"","ZypherXs\t5"
"","̴S̴̴l̴̴o̴̴t̴̴h̴\t5"
"","Electro\t5"
"","Nyëvius\t5"
"","CloudDrop eb92\t5"
"","xLeadMarex\t5"
"","koumieru\t5"
"","Saohira\t5"
"","chris․hoover․5891 cce4\t5"
"","Manytalons\t5"
"","Daemarus\t5"
"","Sylvia\t5"
"","smokzzz\t5"
"","Snipaster\t5"
"","RenderDirect\t5"
"","Skye_Mayfrost\t5"
"","Shadow_Otosan\t5"
"","Slogmog\t5"
"","Gallerian 7530\t5"
"","Buttcheekwonder\t5"
"","PigOrganSoup\t5"
"","Lord Zorton\t5"
"","Kaiser0805\t5"
"","inuzuka_DK\t5"
"","LittleMaiden\t5"
"","PeachMomoChan\t5"
"","Kiara9\t5"
"","TheMiniMartian\t5"
"","Tohruuu\t5"
"","Artstudious\t5"
"","Rynnäkkökänni\t5"
"","ΔŞΜØĐ€ỮŞ\t5"
"","【ＯＮＹＸＩＴＹ】\t5"
"","DestinyGoddess\t5"
"","Daisy-023\t5"
"","Solarsshark\t5"
"","jaimmeee\t5"
"","black_mist455 2b25\t5"
"","BlueSheep7\t5"
"","Zura-\t5"
"","ShadowlessFlame\t5"
"","DabbiKiller\t5"
"","eacute\t5"
"","Axiomus\t5"